{
  "main": {
    "id": "db7b5b69aecd8dee",
    "type": "split",
    "children": [
      {
        "id": "0f63dc7c3cedb810",
        "type": "tabs",
        "children": [
          {
            "id": "7e39faf9bea016a9",
            "type": "leaf",
            "state": {
              "type": "markdown",
              "state": {
                "file": "blog/2025-11-21.md",
                "mode": "source",
                "source": false
              },
              "icon": "lucide-file",
              "title": "2025-11-21"
            }
          }
        ]
      }
    ],
    "direction": "vertical"
  },
  "left": {
    "id": "45afa5a59a44b24b",
    "type": "split",
    "children": [
      {
        "id": "4fda2c25957a0477",
        "type": "tabs",
        "children": [
          {
            "id": "9a5f7f87a57c681e",
            "type": "leaf",
            "state": {
              "type": "file-explorer",
              "state": {
                "sortOrder": "alphabetical",
                "autoReveal": false
              },
              "icon": "lucide-folder-closed",
              "title": "ファイルエクスプローラ"
            }
          },
          {
            "id": "11b71a192a9230d4",
            "type": "leaf",
            "state": {
              "type": "search",
              "state": {
                "query": "",
                "matchingCase": false,
                "explainSearch": false,
                "collapseAll": false,
                "extraContext": false,
                "sortOrder": "alphabetical"
              },
              "icon": "lucide-search",
              "title": "検索"
            }
          },
          {
            "id": "f388c72a5c68e6aa",
            "type": "leaf",
            "state": {
              "type": "bookmarks",
              "state": {},
              "icon": "lucide-bookmark",
              "title": "ブックマーク"
            }
          }
        ]
      }
    ],
    "direction": "horizontal",
    "width": 300
  },
  "right": {
    "id": "798a64cc7e9d3a63",
    "type": "split",
    "children": [
      {
        "id": "d9991857228dfa7c",
        "type": "tabs",
        "children": [
          {
            "id": "58cae36b1950bef5",
            "type": "leaf",
            "state": {
              "type": "backlink",
              "state": {
                "collapseAll": false,
                "extraContext": false,
                "sortOrder": "alphabetical",
                "showSearch": false,
                "searchQuery": "",
                "backlinkCollapsed": false,
                "unlinkedCollapsed": true
              },
              "icon": "links-coming-in",
              "title": "バックリンク"
            }
          },
          {
            "id": "0c9e14346b400fa3",
            "type": "leaf",
            "state": {
              "type": "outgoing-link",
              "state": {
                "linksCollapsed": false,
                "unlinkedCollapsed": true
              },
              "icon": "links-going-out",
              "title": "アウトゴーイングリンク"
            }
          },
          {
            "id": "df6b9bb48ed57985",
            "type": "leaf",
            "state": {
              "type": "tag",
              "state": {
                "sortOrder": "frequency",
                "useHierarchy": true,
                "showSearch": false,
                "searchQuery": ""
              },
              "icon": "lucide-tags",
              "title": "タグ"
            }
          },
          {
            "id": "5cefd5d246d0eeb6",
            "type": "leaf",
            "state": {
              "type": "all-properties",
              "state": {
                "sortOrder": "frequency",
                "showSearch": false,
                "searchQuery": ""
              },
              "icon": "lucide-archive",
              "title": "すべてのプロパティ"
            }
          },
          {
            "id": "242254862da3df79",
            "type": "leaf",
            "state": {
              "type": "outline",
              "state": {
                "followCursor": false,
                "showSearch": false,
                "searchQuery": ""
              },
              "icon": "lucide-list",
              "title": "アウトライン"
            }
          }
        ]
      }
    ],
    "direction": "horizontal",
    "width": 300,
    "collapsed": true
  },
  "left-ribbon": {
    "hiddenItems": {
      "obsidiosaurus:Obsidiosaurus": false,
      "switcher:クイックスイッチャーを開く": false,
      "graph:グラフビューを開く": false,
      "canvas:新規キャンバスを作成": false,
      "daily-notes:今日のデイリーノートを開く": false,
      "templates:テンプレートを挿入": false,
      "command-palette:コマンドパレットを開く": false,
      "bases:Create new base": false
    }
  },
  "active": "7e39faf9bea016a9",
  "lastOpenFiles": [
    "2025-11-19.md",
    "blog/2025-11-21.md",
    "無題のファイル.md",
    "無題のファイル.canvas",
    "assets/2025-05-23/1.png",
    "無題のファイル.base",
    "yoshinashi_docs/intro.md",
    "2025-11-21.md",
    "blog/2025-05-13-sql.md",
    "2025-05-23.md",
    "blog/2025-11-19.md",
    "blog/2025-05-23.md",
    "blog/first.md",
    "blog/2025-05-23-1.md",
    "blog/test.md",
    "docs/intro.md",
    "blog/yabamemo.md",
    "blog/2025-07-30.md"
  ]
}